{
  "targets": [
    "q0",
    "q1",
    "q2"
  ],
  "naive": {
    "q0": {
      "rmse": 0.8736254931693759,
      "mae": 0.7593075478350348,
      "r2": -0.00014470887150430656
    },
    "q1": {
      "rmse": 0.8733125464295793,
      "mae": 0.7580617986966119,
      "r2": -7.129804504812931e-05
    },
    "q2": {
      "rmse": 1.7315024486441057,
      "mae": 1.4944786188460848,
      "r2": -0.0009743358508065292
    }
  },
  "rf": {
    "q0": {
      "rmse": 0.046915476670847514,
      "mae": 0.03439319759612747,
      "r2": 0.9971156728973628
    },
    "q1": {
      "rmse": 0.08032042105052163,
      "mae": 0.05528325202199674,
      "r2": 0.9915405229383868
    },
    "q2": {
      "rmse": 0.7857061529659493,
      "mae": 0.5521689886294155,
      "r2": 0.7938909645369476
    }
  },
  "xgb": {
    "q0": {
      "rmse": 0.0037985498986940498,
      "mae": 0.0029392483208982513,
      "r2": 0.9999810918988908
    },
    "q1": {
      "rmse": 0.04848641538789469,
      "mae": 0.026846073673519707,
      "r2": 0.9969172967528324
    },
    "q2": {
      "rmse": 0.7330128584419277,
      "mae": 0.505840659714747,
      "r2": 0.8206093065445796
    }
  },
  "rf_best_params": {
    "max_depth": 20,
    "max_features": 0.5,
    "min_samples_leaf": 1,
    "n_estimators": 1000
  },
  "xgb_best_params": {
    "learning_rate": 0.01,
    "max_depth": 6,
    "n_estimators": 750,
    "subsample": 0.7
  },
  "rf_best_cv_neg_mse": -0.21066046603120164,
  "xgb_best_cv_neg_mse": -0.1872293897482504,
  "rf_grid": {
    "n_estimators": [
      1000,
      1500,
      2000
    ],
    "max_depth": [
      20
    ],
    "min_samples_leaf": [
      1,
      2,
      3
    ],
    "max_features": [
      0.5
    ]
  },
  "xgb_grid": {
    "n_estimators": [
      500,
      750,
      1000
    ],
    "learning_rate": [
      0.003,
      0.01
    ],
    "max_depth": [
      6
    ],
    "subsample": [
      0.7,
      0.8
    ]
  }
}