m,tau,alpha_id
1,1,1.794833361189121
2,2,1.6336991207208993
4,4,1.3457649789914583
8,8,0.75679918923534495
16,16,0.27770932533495829
32,32,-0.26583208988666307
64,64,0.45130667138731484
128,128,0.5855695307322617
256,256,-0.58000498174440818
512,512,-1.1424604005410588
1024,1024,-2
2048,2048,-2
4096,4096,-2
8192,8192,-2
